{"_wandb":{"runtime":17},"_runtime":17.622049545,"train/loss_step":2.1027655601501465,"lr":0.0002,"epoch":1,"_timestamp":1.7737393147171419e+09,"_step":100}