{"val/f1_class/15":0.39351654052734375,"val/recall_class/4":0.892611563205719,"val/recall_class/16":0,"val/precision_class/11":0.8677359819412231,"val/precision_class/0":0.9179602265357971,"lr":1e-06,"epoch":50,"val/precision_class/13":0.9124847054481506,"val/precision_class/7":0.8668566942214966,"train/loss_step":0.2264050841331482,"val/recall_class/1":0.9485145211219788,"val/f1_class/2":0.91340172290802,"val/precision_class/9":0.8436834812164307,"val/recall_class/6":0.8410501480102539,"val/precision_class/2":0.9098928570747375,"_step":11250,"val/precision_class/18":0.7086408138275146,"val/recall_class/12":0.8866803050041199,"val/recall_class/13":0.9215616583824158,"val/f1":0.6737626483303432,"val/precision_class/8":0.8672143816947937,"_timestamp":1.772524475657401e+09,"val/recall_class/5":0.8957154750823975,"val/recall_class/0":0.9244416952133179,"val/recall_class/3":0.896105170249939,"val/f1_class/12":0.8747357130050659,"val/recall_class/8":0.8257723450660706,"val/precision_class/10":0.9082797169685364,"val/f1_class/18":0.6424926519393921,"val/recall_class/15":0.3458597958087921,"val/f1_class/0":0.9211894869804382,"val/f1_class/7":0.8473647236824036,"val/precision_class/4":0.8839641213417053,"val/f1_class/3":0.7623530626296997,"val/recall_class/2":0.9169377684593201,"val/recall_class/17":0.8241444230079651,"val/precision_class/3":0.6633430123329163,"train/loss_epoch":0.2275578924682405,"val/recall_class/11":0.8538380265235901,"val/precision_class/5":0.8925579190254211,"val/f1_class/11":0.8607308864593506,"val/recall_class/7":0.8287299871444702,"val/confusion_matrix":{"sha256":"1603f11b3749ac162f99c54d3a591760cbc3515f3c387598d9dc6fc52fe8d2c2","size":25206,"path":"media/images/val/confusion_matrix_11250_1603f11b3749ac162f99.png","format":"png","width":800,"height":700,"_type":"image-file"},"val/f1_class/14":0.38300707936286926,"val/f1_class/1":0.9485564827919006,"val/f1_class/6":0.844950795173645,"_runtime":467.301951888,"val/f1_no_bg_from_cm":0.7537323832511902,"val/recall_class/10":0.883543848991394,"val/precision_class/12":0.8631085157394409,"val/f1_class/4":0.8882667422294617,"val/f1_class/8":0.8459861874580383,"val/f1_class/16":0,"val/precision_class/1":0.9485984444618225,"val/precision_class/14":0.3132798969745636,"val/recall_class/14":0.4926588535308838,"_wandb":{"runtime":467},"val/precision_class/6":0.8488878607749939,"val/f1_class/17":0.8350995182991028,"val/recall_class/9":0.797318160533905,"val/f1_class/5":0.8941339254379272,"val/precision_class/16":0,"val/f1_class/10":0.8957409858703613,"val/f1_class/9":0.8198457360267639,"val/precision_class/15":0.4564056992530823,"val/precision_class/17":0.8463497161865234,"val/recall_class/18":0.587639331817627,"val/f1_class/13":0.9170007109642029}