{"epoch":1,"_wandb":{"runtime":17},"_runtime":17.547656165,"_timestamp":1.7737393956443138e+09,"_step":100,"train/loss_step":2.120811700820923,"lr":0.0002}