{"val/confusion_matrix":{"path":"media/images/val/confusion_matrix_9040_5c7b698e97c303abddf4.png","format":"png","width":800,"height":700,"_type":"image-file","sha256":"5c7b698e97c303abddf47c314e884838ff10caba9b6880463bbf3544be7dd055","size":25264},"val/precision_class/2":0.8603270053863525,"val/f1_no_bg_from_cm":0.5974159240722656,"_timestamp":1.7737428252775655e+09,"val/precision_class/0":0.9111974239349365,"val/recall_class/11":0.8801339268684387,"val/recall_class/17":0.8477330207824707,"val/precision_class/1":0.9397416710853577,"epoch":80,"val/f1_class/0":0.9153855443000793,"val/recall_class/10":0.8787190914154053,"val/recall_class/13":0.8940671682357788,"val/f1_class/5":0.4388870894908905,"val/recall_class/9":0.38022124767303467,"val/f1_class/11":0.8532594442367554,"val/precision_class/11":0.8279774785041809,"val/f1_class/4":0.4681181311607361,"val/recall_class/12":0.8912282586097717,"lr":1e-06,"val/precision_class/12":0.8546182513237,"val/f1_class/16":0,"val/f1_class/13":0.9018296003341675,"val/f1_class/10":0.8953903913497925,"val/precision_class/5":0.4365973174571991,"val/recall_class/4":0.49912986159324646,"val/precision_class/9":0.3855288028717041,"val/f1_class/3":0.6968948245048523,"val/f1_class/17":0.8222853541374207,"val/recall_class/15":0.45909684896469116,"val/f1_class/9":0.3828566372394562,"val/f1_class/15":0.33191978931427,"_step":9040,"train/loss_epoch":0.2927729777495066,"val/precision_class/3":0.5525475144386292,"_runtime":2497.896195004,"val/f1_class/12":0.8725394010543823,"val/precision_class/10":0.9127064943313599,"val/recall_class/7":0.46086087822914124,"val/precision_class/15":0.25991833209991455,"val/precision_class/8":0.4194442331790924,"val/precision_class/18":0.6207770109176636,"val/recall_class/0":0.9196122288703918,"val/precision_class/16":0,"val/precision_class/14":0.39950406551361084,"val/recall_class/1":0.935426652431488,"val/recall_class/16":0,"val/f1_class/6":0.4482514560222626,"val/precision_class/17":0.7983208894729614,"val/recall_class/8":0.40421566367149353,"val/f1_class/1":0.9375792145729065,"val/precision_class/13":0.909727931022644,"val/recall_class/3":0.9433301091194153,"val/f1_class/7":0.43015408515930176,"train/loss_step":0.2614283859729767,"val/precision_class/6":0.44259878993034363,"val/f1_class/14":0.3821054995059967,"val/recall_class/5":0.4412010908126831,"val/recall_class/18":0.5460284948348999,"val/f1_class/2":0.8987191319465637,"val/f1_class/8":0.4116891920566559,"val/recall_class/6":0.45405036211013794,"val/f1_class/18":0.5810084342956543,"val/precision_class/7":0.40328365564346313,"_wandb":{"runtime":2497},"val/recall_class/14":0.3661591410636902,"val/recall_class/2":0.9406977891921997,"val/precision_class/4":0.4407345950603485,"val/f1":0.5445720827153081}