{"val/recall_class/12":0.8993738293647766,"val/precision_class/10":0.9133185744285583,"_timestamp":1.7737427463346589e+09,"val/recall_class/1":0.9392298460006714,"val/f1_class/6":0.48112088441848755,"val/f1_class/10":0.9081102609634399,"val/precision_class/5":0.47115933895111084,"_step":9040,"val/f1_class/4":0.48020848631858826,"val/precision_class/8":0.385194331407547,"val/precision_class/4":0.4690304100513458,"val/recall_class/8":0.4539565443992615,"val/f1_class/8":0.41675814986228943,"val/precision_class/9":0.4256119430065155,"val/f1_class/13":0.9077117443084717,"val/f1_class/5":0.5013954639434814,"val/f1_class/3":0.727454423904419,"epoch":80,"val/f1_class/12":0.8809874057769775,"_wandb":{"runtime":2500},"val/precision_class/12":0.8633376955986023,"val/precision_class/1":0.9420741200447083,"val/confusion_matrix":{"width":800,"height":700,"_type":"image-file","sha256":"4d7594a405bab30b92b9beb751414bf727f1d495d4d487061abaf3e8b6ba925a","size":25238,"path":"media/images/val/confusion_matrix_9040_4d7594a405bab30b92b9.png","format":"png"},"val/f1_class/2":0.9050790667533875,"val/recall_class/11":0.8766452670097351,"val/precision_class/0":0.919862687587738,"val/recall_class/14":0.4486697018146515,"val/recall_class/5":0.5357784032821655,"val/recall_class/0":0.9109442234039307,"val/f1_class/0":0.9153817296028137,"val/precision_class/15":0.33950161933898926,"train/loss_epoch":0.35673020349608525,"train/loss_step":0.3972805142402649,"val/precision_class/13":0.9157217741012573,"val/f1_class/17":0.8080046772956848,"val/precision_class/18":0.6906022429466248,"val/recall_class/3":0.9685816168785095,"val/recall_class/7":0.5761995315551758,"_runtime":2500.443328339,"val/recall_class/2":0.9472255110740662,"val/precision_class/16":0,"val/f1_class/18":0.6550706028938293,"val/f1_no_bg_from_cm":0.6237577199935913,"val/f1_class/11":0.8628852963447571,"val/f1_class/16":0,"lr":1e-06,"val/precision_class/3":0.5824534296989441,"val/precision_class/17":0.7734260559082031,"val/recall_class/16":0,"val/f1_class/14":0.37740397453308105,"val/precision_class/2":0.8665235042572021,"val/recall_class/10":0.9029610753059387,"val/f1_class/15":0.40095412731170654,"val/precision_class/14":0.32567453384399414,"val/recall_class/4":0.49193236231803894,"val/recall_class/17":0.845819890499115,"val/f1_class/9":0.4622352719306946,"val/recall_class/15":0.4895702600479126,"val/precision_class/7":0.46003925800323486,"val/f1_class/7":0.5116087198257446,"val/recall_class/6":0.4789186120033264,"val/f1":0.5665361086824631,"val/recall_class/9":0.505754828453064,"val/f1_class/1":0.9406498074531555,"val/precision_class/11":0.849550724029541,"val/recall_class/18":0.6230162978172302,"val/recall_class/13":0.8998405337333679,"val/precision_class/6":0.4833435118198395}