{"train/loss_step":0.23705267906188965,"val/precision_class/8":0.4825403094291687,"train/loss_epoch":0.31509662694401214,"val/f1_class/2":0.9115497469902039,"val/precision_class/17":0.7924752831459045,"val/f1_class/10":0.8984500169754028,"val/f1_class/7":0.45811328291893005,"val/precision_class/3":0.5426995754241943,"val/precision_class/9":0.42381057143211365,"val/recall_class/10":0.8781041502952576,"val/recall_class/2":0.9320167899131775,"val/f1_class/13":0.9149172306060791,"val/recall_class/18":0.539771318435669,"val/f1_class/17":0.8213728666305542,"val/recall_class/11":0.8618602156639099,"val/precision_class/18":0.7424682378768921,"val/precision_class/16":0,"val/recall_class/13":0.9191339015960693,"val/f1_class/18":0.6250985860824585,"val/f1_class/14":0.3721156716346741,"val/precision_class/6":0.4812591075897217,"val/recall_class/1":0.9402199387550354,"val/f1_class/4":0.43273380398750305,"epoch":80,"val/f1_class/5":0.5090060830116272,"val/f1_class/6":0.4788421392440796,"val/recall_class/6":0.4764493405818939,"val/recall_class/4":0.4058830440044403,"val/precision_class/5":0.4606684148311615,"val/recall_class/7":0.4844124913215637,"lr":1e-06,"val/recall_class/8":0.4610823094844818,"val/f1_class/3":0.6852610111236572,"val/f1_class/0":0.9148772358894348,"val/f1_class/9":0.41441696882247925,"val/recall_class/0":0.9153733849525452,"val/f1_class/11":0.8535873889923096,"val/precision_class/13":0.9107390642166138,"val/f1_class/16":0,"val/precision_class/4":0.4633887708187103,"val/precision_class/0":0.9143815636634827,"val/precision_class/14":0.30742043256759644,"val/precision_class/7":0.4345226585865021,"val/recall_class/17":0.8524577021598816,"val/recall_class/14":0.47129833698272705,"val/f1_no_bg_from_cm":0.6170859336853027,"val/recall_class/5":0.5686770677566528,"val/recall_class/16":0,"_step":9040,"val/recall_class/15":0.5068700313568115,"val/f1_class/1":0.9440122842788696,"val/confusion_matrix":{"format":"png","width":800,"height":700,"_type":"image-file","sha256":"34077939a620fc97209517234507ccb3dedac724a35149604d0d0d671523df29","size":25221,"path":"media/images/val/confusion_matrix_9040_34077939a620fc972095.png"},"val/f1":0.562898025634259,"val/recall_class/9":0.40543076395988464,"val/f1_class/12":0.8772755265235901,"val/precision_class/12":0.8701984882354736,"_runtime":2521.878858815,"_timestamp":1.773742816516906e+09,"val/recall_class/3":0.9294060468673706,"val/recall_class/12":0.8844685554504395,"val/precision_class/2":0.8919623494148254,"val/precision_class/15":0.38751211762428284,"val/f1_class/15":0.43922677636146545,"val/precision_class/10":0.9197611808776855,"val/precision_class/11":0.8454717397689819,"val/precision_class/1":0.947835385799408,"_wandb":{"runtime":2521},"val/f1_class/8":0.4715673625469208}