{"val/f1_class/4":0.48051783442497253,"val/recall_class/2":0.9441487789154053,"val/f1_class/10":0.9034682512283325,"train/loss_step":0.3968402147293091,"val/recall_class/16":0,"val/precision_class/10":0.9073312282562256,"val/recall_class/0":0.9118630886077881,"val/f1_class/2":0.9138336777687073,"_runtime":1252.266102215,"val/recall_class/15":0.5400401949882507,"val/precision_class/12":0.8555916547775269,"val/recall_class/6":0.4515518248081207,"val/precision_class/1":0.949695348739624,"val/precision_class/18":0.7046301960945129,"val/recall_class/17":0.8388727903366089,"val/f1_class/6":0.47125330567359924,"val/precision_class/8":0.4241510331630707,"_timestamp":1.7737407795401983e+09,"val/recall_class/13":0.9060033559799194,"val/precision_class/9":0.3921687602996826,"val/precision_class/13":0.9107271432876587,"val/recall_class/12":0.8874326348304749,"val/f1_class/7":0.5191555619239807,"val/precision_class/17":0.7945517897605896,"val/precision_class/16":0,"val/precision_class/2":0.8854047656059265,"val/precision_class/15":0.37249815464019775,"val/recall_class/11":0.8685484528541565,"val/recall_class/18":0.6169856786727905,"val/precision_class/0":0.9177922606468201,"lr":1e-06,"_step":9040,"train/loss_epoch":0.38491348385810853,"val/f1_class/1":0.9441461563110352,"val/recall_class/10":0.8996381163597107,"val/recall_class/4":0.47412437200546265,"val/recall_class/5":0.5901936292648315,"val/f1_class/8":0.4165872037410736,"val/confusion_matrix":{"height":700,"_type":"image-file","sha256":"23a2f4f7c299a3eed66571f8ca8a339a8f9d1142c60def458c107c346270d387","size":25187,"path":"media/images/val/confusion_matrix_9040_23a2f4f7c299a3eed665.png","format":"png","width":800},"val/recall_class/7":0.585975706577301,"val/f1_class/3":0.7723028659820557,"val/f1_class/9":0.41172975301742554,"val/f1_class/17":0.8161110281944275,"val/precision_class/11":0.8450424075126648,"val/precision_class/3":0.6707491874694824,"val/recall_class/3":0.910094141960144,"val/precision_class/5":0.48284444212913513,"val/recall_class/9":0.4333445131778717,"val/precision_class/6":0.49275240302085876,"val/f1_class/13":0.9083590507507324,"val/recall_class/8":0.4092884063720703,"val/f1_class/5":0.5311492681503296,"val/f1_class/15":0.44088882207870483,"val/f1_class/0":0.9148180484771729,"val/recall_class/1":0.938661515712738,"val/f1_class/12":0.8712213039398193,"_wandb":{"runtime":1252},"val/f1_class/14":0.3298606872558594,"val/f1_class/18":0.6579017639160156,"val/precision_class/14":0.25645455718040466,"val/f1_class/11":0.8566341996192932,"val/f1":0.5656541481492263,"val/precision_class/4":0.4870860278606415,"val/recall_class/14":0.4621414840221405,"val/precision_class/7":0.4660148322582245,"val/f1_class/16":0,"epoch":80,"val/f1_no_bg_from_cm":0.6247289180755615}